Patient_ID,Age,Gender,Department,Admission_Type,Admission_Date,Discharge_Date,Registration_Wait_Min,Consultation_Wait_Min,Diagnostic_Wait_Min,Billing_Wait_Min,Total_Wait_Min,Length_of_Stay_Days,Bed_Capacity,Occupied_Beds,Occupancy_Rate,Satisfaction_Score
1,30,Female,Cardiology,Planned,2026-03-13,2026-03-15,10,28,109,34,181,2,50,32,64.0,4
2,74,Male,General Medicine,Planned,2026-03-04,2026-03-07,38,84,56,59,237,3,39,38,97.44,4
3,64,Female,Cardiology,Emergency,2026-02-19,2026-02-22,39,62,88,54,243,3,28,12,42.86,1
4,49,Male,Dermatology,OPD,2026-02-03,2026-02-14,9,59,20,10,98,11,23,13,56.52,4
5,20,Female,Orthopedics,OPD,2026-01-01,2026-01-07,35,66,67,25,193,6,53,47,88.68,4
6,6,Male,Pediatrics,Emergency,2026-05-08,2026-05-16,29,27,13,15,84,8,27,11,40.74,1
7,54,Male,General Medicine,Planned,2026-04-21,2026-04-27,34,63,114,15,226,6,44,27,61.36,5
8,52,Female,Neurology,Emergency,2026-06-10,2026-06-23,33,87,16,52,188,13,31,8,25.81,4
9,24,Female,ENT,OPD,2026-04-14,2026-04-18,6,73,101,37,217,4,46,8,17.39,3
10,34,Female,Orthopedics,OPD,2026-01-07,2026-01-20,45,38,42,34,159,13,52,22,42.31,5
11,62,Male,Pediatrics,OPD,2026-04-10,2026-04-15,11,71,95,11,188,5,51,36,70.59,1
12,35,Female,Pediatrics,OPD,2026-01-01,2026-01-10,27,45,60,46,178,9,30,10,33.33,5
13,55,Female,Cardiology,Planned,2026-02-01,2026-02-15,27,32,113,14,186,14,20,8,40.0,4
14,54,Female,ENT,Planned,2026-03-03,2026-03-12,24,68,37,34,163,9,56,24,42.86,2
15,2,Male,Dermatology,Planned,2026-03-19,2026-03-27,18,36,74,45,173,8,28,26,92.86,2
16,80,Female,Cardiology,Emergency,2026-01-12,2026-01-15,37,90,66,60,253,3,55,45,81.82,3
17,8,Male,Pediatrics,Planned,2026-01-29,2026-02-11,30,46,110,14,200,13,57,49,85.96,3
18,80,Male,General Medicine,Emergency,2026-04-30,2026-05-01,26,85,11,36,158,1,33,17,51.52,5
19,77,Female,Gynecology,Planned,2026-03-08,2026-03-22,45,47,54,14,160,14,36,30,83.33,5
20,5,Female,Cardiology,Emergency,2026-06-23,2026-07-06,19,83,19,6,127,13,34,5,14.71,3
21,4,Female,Gynecology,Planned,2026-03-01,2026-03-09,19,16,113,41,189,8,55,55,100.0,4
22,1,Female,Neurology,Emergency,2026-02-11,2026-02-19,7,90,12,48,157,8,51,40,78.43,5
23,42,Female,Orthopedics,Emergency,2026-01-20,2026-01-30,24,75,12,35,146,10,55,42,76.36,2
24,27,Male,General Medicine,OPD,2026-02-16,2026-02-23,12,53,106,52,223,7,26,14,53.85,1
25,35,Male,Cardiology,Emergency,2026-06-19,2026-07-02,17,55,70,59,201,13,43,20,46.51,1
26,2,Male,Gynecology,OPD,2026-05-05,2026-05-18,33,49,91,50,223,13,27,19,70.37,2
27,65,Female,Dermatology,OPD,2026-04-23,2026-04-25,13,50,116,17,196,2,55,44,80.0,1
28,63,Female,Gynecology,OPD,2026-05-23,2026-06-06,26,89,16,6,137,14,43,35,81.4,5
29,85,Male,Dermatology,Emergency,2026-03-29,2026-04-03,42,42,21,57,162,5,26,21,80.77,2
30,64,Male,Cardiology,Emergency,2026-02-07,2026-02-09,20,75,115,21,231,2,42,19,45.24,2
31,24,Male,Cardiology,Planned,2026-01-30,2026-02-13,18,62,91,57,228,14,27,24,88.89,2
32,40,Male,Neurology,Planned,2026-01-22,2026-02-02,18,36,77,36,167,11,44,8,18.18,3
33,64,Male,Cardiology,OPD,2026-02-20,2026-02-27,8,45,72,57,182,7,30,9,30.0,4
34,26,Female,Neurology,Planned,2026-06-12,2026-06-21,29,30,49,22,130,9,56,40,71.43,3
35,77,Female,Neurology,OPD,2026-03-11,2026-03-14,9,19,17,53,98,3,43,9,20.93,5
36,24,Male,General Medicine,Emergency,2026-05-04,2026-05-05,37,89,26,41,193,1,43,19,44.19,4
37,5,Male,Orthopedics,Emergency,2026-04-09,2026-04-18,25,27,95,32,179,9,50,45,90.0,2
38,12,Female,Pediatrics,Emergency,2026-03-20,2026-04-03,8,58,14,59,139,14,60,42,70.0,3
39,71,Female,ENT,Planned,2026-04-05,2026-04-10,5,75,74,45,199,5,27,21,77.78,2
40,80,Male,Pediatrics,Planned,2026-02-11,2026-02-12,14,82,51,5,152,1,35,7,20.0,5
41,82,Female,Pediatrics,Emergency,2026-03-25,2026-04-09,12,40,33,38,123,15,56,29,51.79,4
42,78,Female,Dermatology,OPD,2026-01-02,2026-01-05,13,84,102,11,210,3,30,11,36.67,3
43,16,Female,Cardiology,Emergency,2026-03-19,2026-03-25,41,54,108,12,215,6,32,26,81.25,3
44,77,Male,Dermatology,Planned,2026-01-15,2026-01-21,19,86,97,6,208,6,50,24,48.0,3
45,16,Male,Gynecology,Emergency,2026-02-06,2026-02-18,37,64,30,50,181,12,45,32,71.11,1
46,33,Female,ENT,OPD,2026-03-15,2026-03-22,25,83,113,7,228,7,52,14,26.92,3
47,2,Male,Orthopedics,OPD,2026-01-20,2026-02-02,32,35,75,57,199,13,31,29,93.55,1
48,71,Female,General Medicine,Planned,2026-04-19,2026-04-25,31,63,26,45,165,6,23,16,69.57,2
49,11,Male,Neurology,Emergency,2026-03-02,2026-03-04,30,10,98,23,161,2,40,6,15.0,2
50,8,Female,Neurology,Emergency,2026-02-08,2026-02-14,35,66,17,46,164,6,52,42,80.77,3
51,33,Female,General Medicine,OPD,2026-04-03,2026-04-13,22,88,22,56,188,10,32,23,71.88,5
52,70,Female,Gynecology,Emergency,2026-02-24,2026-02-27,6,71,86,23,186,3,30,28,93.33,2
53,6,Male,Neurology,Planned,2026-03-24,2026-03-26,20,43,40,21,124,2,50,29,58.0,5
54,23,Male,Neurology,Emergency,2026-04-19,2026-04-26,25,81,116,24,246,7,32,11,34.38,4
55,61,Female,General Medicine,OPD,2026-01-07,2026-01-21,36,18,35,53,142,14,49,34,69.39,4
56,44,Male,Dermatology,OPD,2026-05-28,2026-05-31,36,37,113,34,220,3,41,7,17.07,2
57,48,Male,General Medicine,OPD,2026-02-05,2026-02-06,37,65,22,24,148,1,30,8,26.67,3
58,38,Female,Gynecology,Emergency,2026-01-03,2026-01-07,42,64,95,6,207,4,48,7,14.58,3
59,80,Male,ENT,OPD,2026-01-03,2026-01-15,20,29,43,58,150,12,35,15,42.86,3
60,41,Male,Dermatology,Planned,2026-05-18,2026-05-30,8,74,34,17,133,12,57,37,64.91,5
61,57,Male,Gynecology,Emergency,2026-06-15,2026-06-26,28,21,20,48,117,11,33,27,81.82,5
62,79,Female,Orthopedics,Emergency,2026-03-24,2026-03-25,9,53,104,29,195,1,48,38,79.17,2
63,8,Male,Pediatrics,Emergency,2026-01-07,2026-01-20,8,64,12,33,117,13,36,13,36.11,3
64,72,Male,Orthopedics,Emergency,2026-03-11,2026-03-19,19,35,93,20,167,8,26,15,57.69,4
65,4,Male,Neurology,Planned,2026-03-21,2026-03-29,28,53,50,52,183,8,24,16,66.67,1
66,75,Female,Cardiology,OPD,2026-02-21,2026-02-27,23,36,51,41,151,6,22,7,31.82,2
67,36,Male,Orthopedics,Emergency,2026-01-05,2026-01-20,27,37,10,44,118,15,37,33,89.19,2
68,85,Male,Dermatology,Planned,2026-06-14,2026-06-29,23,66,34,33,156,15,36,33,91.67,1
69,11,Male,ENT,Planned,2026-06-03,2026-06-16,38,36,112,34,220,13,51,21,41.18,2
70,45,Male,ENT,Planned,2026-05-26,2026-05-28,14,70,13,57,154,2,27,7,25.93,1
71,37,Male,Neurology,Planned,2026-03-22,2026-03-27,26,66,114,29,235,5,29,21,72.41,5
72,48,Female,Gynecology,Planned,2026-01-19,2026-01-28,10,54,116,49,229,9,59,40,67.8,1
73,51,Female,ENT,Emergency,2026-02-22,2026-03-08,26,70,81,24,201,14,48,23,47.92,2
74,37,Male,Cardiology,OPD,2026-03-09,2026-03-19,8,39,98,45,190,10,26,9,34.62,4
75,18,Male,Neurology,OPD,2026-03-09,2026-03-14,21,18,47,10,96,5,60,21,35.0,4
76,84,Female,Neurology,OPD,2026-06-30,2026-07-05,9,10,70,55,144,5,55,30,54.55,3
77,75,Male,Neurology,Planned,2026-02-12,2026-02-17,8,75,14,59,156,5,44,39,88.64,5
78,50,Female,Cardiology,OPD,2026-02-21,2026-03-08,36,59,74,50,219,15,24,24,100.0,2
79,78,Male,ENT,Planned,2026-02-08,2026-02-19,19,40,68,53,180,11,26,5,19.23,4
80,8,Male,Orthopedics,Planned,2026-05-16,2026-05-31,13,89,101,20,223,15,55,41,74.55,4
81,34,Female,Neurology,OPD,2026-04-02,2026-04-09,7,57,21,16,101,7,27,6,22.22,2
82,10,Male,Neurology,OPD,2026-02-05,2026-02-12,17,78,76,41,212,7,30,16,53.33,5
83,55,Male,General Medicine,Emergency,2026-03-23,2026-04-06,24,12,65,49,150,14,37,31,83.78,5
84,29,Male,Neurology,Planned,2026-01-23,2026-02-05,15,61,84,45,205,13,50,28,56.0,2
85,20,Female,Gynecology,Planned,2026-02-05,2026-02-18,44,16,87,21,168,13,27,12,44.44,3
86,63,Male,Dermatology,OPD,2026-02-23,2026-03-02,6,62,75,36,179,7,40,20,50.0,1
87,14,Male,ENT,Emergency,2026-03-12,2026-03-13,26,20,13,41,100,1,36,19,52.78,5
88,85,Female,Gynecology,OPD,2026-06-11,2026-06-13,23,87,95,22,227,2,25,9,36.0,5
89,82,Female,Pediatrics,OPD,2026-02-04,2026-02-18,15,40,12,59,126,14,22,22,100.0,5
90,78,Male,General Medicine,Emergency,2026-04-28,2026-05-02,6,28,108,9,151,4,24,19,79.17,3
91,76,Female,Cardiology,OPD,2026-01-26,2026-02-03,16,56,34,53,159,8,49,30,61.22,4
92,81,Female,Gynecology,Planned,2026-04-05,2026-04-06,33,32,90,6,161,1,21,17,80.95,3
93,64,Female,Orthopedics,Emergency,2026-04-14,2026-04-18,8,85,49,34,176,4,24,22,91.67,5
94,54,Male,ENT,Planned,2026-01-12,2026-01-26,16,10,15,35,76,14,53,35,66.04,4
95,14,Female,Gynecology,Planned,2026-03-01,2026-03-07,13,70,39,48,170,6,45,10,22.22,3
96,31,Male,ENT,OPD,2026-06-10,2026-06-24,41,36,29,43,149,14,46,19,41.3,3
97,54,Male,General Medicine,OPD,2026-01-25,2026-02-09,17,83,59,52,211,15,44,39,88.64,3
98,78,Female,Cardiology,Planned,2026-03-26,2026-04-01,10,31,94,51,186,6,35,5,14.29,5
99,30,Female,Orthopedics,Planned,2026-05-02,2026-05-15,17,13,23,42,95,13,25,8,32.0,5
100,32,Male,Neurology,Planned,2026-05-31,2026-06-06,16,65,107,52,240,6,50,28,56.0,4
101,12,Male,Gynecology,Emergency,2026-03-06,2026-03-17,9,38,77,52,176,11,24,10,41.67,1
102,26,Female,ENT,OPD,2026-01-02,2026-01-12,25,68,53,37,183,10,29,28,96.55,5
103,52,Male,Cardiology,Emergency,2026-06-23,2026-07-02,7,40,59,41,147,9,28,11,39.29,5
104,38,Female,Neurology,Emergency,2026-04-24,2026-04-28,44,64,82,13,203,4,40,37,92.5,2
105,32,Female,General Medicine,Emergency,2026-06-16,2026-06-28,41,39,119,51,250,12,50,8,16.0,5
106,24,Male,Orthopedics,Emergency,2026-03-21,2026-03-30,37,85,50,8,180,9,45,24,53.33,4
107,23,Female,General Medicine,Planned,2026-02-09,2026-02-16,36,31,38,36,141,7,33,17,51.52,1
108,21,Female,ENT,OPD,2026-05-14,2026-05-19,44,14,95,44,197,5,23,22,95.65,2
109,21,Female,ENT,Emergency,2026-01-28,2026-01-29,43,38,112,39,232,1,56,35,62.5,5
110,45,Male,Gynecology,Planned,2026-04-14,2026-04-27,33,10,75,44,162,13,35,26,74.29,3
111,78,Female,Dermatology,OPD,2026-03-16,2026-03-30,16,35,39,7,97,14,35,5,14.29,1
112,71,Female,Pediatrics,Planned,2026-03-05,2026-03-06,7,34,63,10,114,1,24,16,66.67,2
113,36,Female,General Medicine,OPD,2026-06-05,2026-06-17,24,30,21,48,123,12,28,19,67.86,3
114,9,Male,General Medicine,Emergency,2026-03-13,2026-03-22,28,56,52,16,152,9,29,17,58.62,3
115,46,Male,Orthopedics,Emergency,2026-06-10,2026-06-11,38,39,18,10,105,1,51,24,47.06,5
116,21,Male,Neurology,Planned,2026-01-10,2026-01-18,22,14,111,47,194,8,50,6,12.0,4
117,23,Female,Neurology,OPD,2026-03-15,2026-03-20,11,61,102,22,196,5,36,29,80.56,3
118,2,Female,Cardiology,OPD,2026-03-04,2026-03-10,15,74,18,42,149,6,47,13,27.66,2
119,3,Female,Neurology,Planned,2026-03-26,2026-03-30,27,44,52,18,141,4,55,44,80.0,5
120,14,Female,Cardiology,Planned,2026-06-01,2026-06-13,12,13,74,11,110,12,59,7,11.86,1
121,64,Male,Orthopedics,OPD,2026-01-06,2026-01-15,30,20,17,33,100,9,44,28,63.64,2
122,9,Female,Orthopedics,Planned,2026-01-01,2026-01-15,15,39,49,30,133,14,27,8,29.63,1
123,39,Female,Pediatrics,Planned,2026-03-23,2026-04-07,10,78,26,50,164,15,57,33,57.89,3
124,21,Female,Orthopedics,Planned,2026-05-07,2026-05-11,25,81,58,43,207,4,51,39,76.47,4
125,81,Female,Cardiology,Planned,2026-02-11,2026-02-16,42,87,43,24,196,5,56,21,37.5,2
126,65,Male,Gynecology,OPD,2026-01-26,2026-02-05,26,78,79,32,215,10,59,47,79.66,1
127,74,Female,General Medicine,Emergency,2026-03-01,2026-03-09,25,31,13,26,95,8,59,8,13.56,4
128,48,Male,ENT,Planned,2026-04-12,2026-04-18,14,27,31,49,121,6,52,40,76.92,1
129,84,Male,Pediatrics,OPD,2026-01-05,2026-01-06,7,58,97,10,172,1,43,36,83.72,1
130,9,Male,Dermatology,OPD,2026-04-07,2026-04-22,7,11,75,13,106,15,20,16,80.0,4
131,55,Female,Cardiology,Planned,2026-02-15,2026-02-28,7,10,112,37,166,13,20,17,85.0,4
132,53,Female,Orthopedics,Planned,2026-05-18,2026-05-20,13,50,16,5,84,2,46,13,28.26,3
133,75,Female,Neurology,OPD,2026-01-03,2026-01-09,38,48,63,37,186,6,42,34,80.95,5
134,8,Female,Orthopedics,Emergency,2026-01-14,2026-01-21,21,13,99,6,139,7,29,18,62.07,2
135,82,Male,General Medicine,Emergency,2026-06-01,2026-06-11,15,54,114,53,236,10,51,24,47.06,3
136,77,Female,Gynecology,OPD,2026-01-16,2026-01-26,37,17,64,25,143,10,60,36,60.0,4
137,15,Female,Neurology,Emergency,2026-06-11,2026-06-20,5,47,35,57,144,9,54,14,25.93,4
138,63,Female,Pediatrics,Emergency,2026-04-15,2026-04-21,33,63,27,36,159,6,60,27,45.0,5
139,55,Female,General Medicine,Planned,2026-01-29,2026-02-05,18,63,41,46,168,7,55,32,58.18,2
140,15,Female,Gynecology,OPD,2026-03-04,2026-03-11,14,26,44,36,120,7,24,10,41.67,5
141,52,Female,Cardiology,Planned,2026-03-02,2026-03-12,6,21,58,17,102,10,28,13,46.43,5
142,1,Male,General Medicine,OPD,2026-02-20,2026-02-21,19,61,46,28,154,1,55,19,34.55,5
143,47,Male,Pediatrics,Emergency,2026-05-30,2026-06-01,19,56,23,43,141,2,40,11,27.5,2
144,73,Male,Cardiology,Planned,2026-04-05,2026-04-20,32,39,60,10,141,15,27,17,62.96,2
145,6,Male,Orthopedics,Planned,2026-01-21,2026-01-24,26,24,16,7,73,3,27,17,62.96,1
146,42,Male,Pediatrics,Planned,2026-03-22,2026-04-05,29,61,77,52,219,14,20,7,35.0,2
147,13,Male,Pediatrics,Emergency,2026-02-03,2026-02-07,30,68,77,8,183,4,24,19,79.17,2
148,9,Male,Neurology,OPD,2026-03-28,2026-04-05,10,71,17,43,141,8,27,22,81.48,3
149,72,Male,General Medicine,OPD,2026-06-17,2026-06-23,41,29,77,59,206,6,44,12,27.27,4
150,17,Male,Pediatrics,OPD,2026-04-26,2026-05-10,35,50,82,48,215,14,43,28,65.12,2
151,46,Male,Cardiology,OPD,2026-06-05,2026-06-14,41,29,103,8,181,9,43,18,41.86,5
152,70,Male,Gynecology,Planned,2026-02-08,2026-02-21,32,46,20,58,156,13,59,22,37.29,1
153,77,Male,Orthopedics,Emergency,2026-03-05,2026-03-16,19,31,78,44,172,11,42,22,52.38,3
154,68,Male,Cardiology,Emergency,2026-05-18,2026-05-22,14,73,18,35,140,4,37,5,13.51,3
155,56,Female,Orthopedics,OPD,2026-02-05,2026-02-17,38,80,118,18,254,12,42,39,92.86,5
156,79,Male,General Medicine,Emergency,2026-06-27,2026-07-09,36,32,84,21,173,12,34,26,76.47,2
157,56,Male,Dermatology,Planned,2026-04-16,2026-04-20,28,16,19,13,76,4,48,34,70.83,5
158,55,Female,Dermatology,OPD,2026-04-09,2026-04-23,28,16,118,22,184,14,55,50,90.91,2
159,16,Female,Gynecology,OPD,2026-01-02,2026-01-14,13,47,29,16,105,12,40,25,62.5,1
160,52,Male,General Medicine,Emergency,2026-03-21,2026-03-22,20,87,104,30,241,1,33,5,15.15,5
161,65,Female,Dermatology,Emergency,2026-02-04,2026-02-08,35,21,120,56,232,4,60,57,95.0,2
162,48,Male,Pediatrics,OPD,2026-03-22,2026-03-23,27,80,10,57,174,1,26,6,23.08,5
163,21,Male,Cardiology,OPD,2026-01-29,2026-02-05,23,47,24,59,153,7,46,29,63.04,4
164,6,Male,ENT,OPD,2026-01-23,2026-02-04,36,68,38,28,170,12,54,15,27.78,3
165,6,Female,Pediatrics,Planned,2026-05-21,2026-05-24,29,38,76,45,188,3,52,50,96.15,5
166,29,Female,Dermatology,OPD,2026-05-08,2026-05-15,43,69,60,39,211,7,49,36,73.47,1
167,69,Male,Pediatrics,Planned,2026-03-03,2026-03-18,39,64,84,35,222,15,20,12,60.0,1
168,3,Male,Gynecology,Emergency,2026-05-18,2026-05-29,28,28,93,29,178,11,50,40,80.0,3
169,80,Male,Orthopedics,Planned,2026-06-13,2026-06-24,30,66,47,7,150,11,39,34,87.18,1
170,32,Female,Pediatrics,Planned,2026-04-29,2026-05-07,17,33,56,8,114,8,50,6,12.0,4
171,27,Female,Cardiology,Planned,2026-03-10,2026-03-22,40,54,91,40,225,12,42,39,92.86,1
172,20,Male,Dermatology,Planned,2026-06-22,2026-06-29,27,72,97,13,209,7,31,9,29.03,3
173,17,Female,ENT,Emergency,2026-03-15,2026-03-18,13,76,89,29,207,3,47,41,87.23,2
174,60,Male,ENT,Emergency,2026-01-09,2026-01-13,30,41,97,58,226,4,24,19,79.17,2
175,34,Female,General Medicine,OPD,2026-05-12,2026-05-21,12,49,105,45,211,9,26,8,30.77,1
176,53,Female,Neurology,Emergency,2026-02-01,2026-02-13,45,25,71,52,193,12,22,6,27.27,5
177,53,Male,Neurology,Planned,2026-06-23,2026-06-30,17,19,90,13,139,7,21,7,33.33,4
178,62,Male,Pediatrics,OPD,2026-05-28,2026-06-08,36,36,105,30,207,11,45,27,60.0,1
179,11,Male,Orthopedics,OPD,2026-01-28,2026-01-29,34,13,64,57,168,1,60,49,81.67,5
180,34,Male,Orthopedics,OPD,2026-06-15,2026-06-20,42,54,47,28,171,5,28,21,75.0,1
181,58,Male,Neurology,OPD,2026-03-07,2026-03-21,21,40,114,57,232,14,60,23,38.33,5
182,32,Male,ENT,Planned,2026-04-12,2026-04-17,23,84,55,6,168,5,47,6,12.77,4
183,76,Female,ENT,OPD,2026-03-28,2026-03-29,38,71,61,59,229,1,44,17,38.64,2
184,73,Female,Dermatology,Planned,2026-04-15,2026-04-24,29,38,105,28,200,9,37,19,51.35,2
185,26,Male,Cardiology,Emergency,2026-03-24,2026-04-04,20,20,32,53,125,11,44,12,27.27,2
186,70,Male,Orthopedics,Planned,2026-01-14,2026-01-27,37,90,11,45,183,13,26,18,69.23,1
187,73,Female,General Medicine,Emergency,2026-01-26,2026-01-28,24,27,105,10,166,2,28,5,17.86,2
188,78,Female,Orthopedics,Planned,2026-04-24,2026-05-04,34,34,49,39,156,10,51,24,47.06,4
189,40,Male,Gynecology,Emergency,2026-02-05,2026-02-08,40,44,15,17,116,3,26,22,84.62,4
190,13,Male,Pediatrics,OPD,2026-05-22,2026-05-28,32,33,62,25,152,6,39,18,46.15,5
191,70,Male,Neurology,OPD,2026-03-10,2026-03-15,26,51,66,33,176,5,38,5,13.16,3
192,52,Male,Pediatrics,OPD,2026-05-20,2026-05-26,31,31,33,38,133,6,52,34,65.38,1
193,18,Female,Gynecology,Emergency,2026-02-26,2026-02-28,30,11,97,17,155,2,46,5,10.87,4
194,4,Female,Cardiology,Emergency,2026-02-20,2026-03-04,29,40,97,48,214,12,37,36,97.3,4
195,30,Female,General Medicine,OPD,2026-02-09,2026-02-20,7,41,89,54,191,11,45,13,28.89,3
196,82,Female,Orthopedics,Planned,2026-05-20,2026-06-03,23,85,111,52,271,14,40,18,45.0,4
197,83,Male,Gynecology,Emergency,2026-05-07,2026-05-10,26,84,50,12,172,3,50,50,100.0,5
198,17,Female,Cardiology,Emergency,2026-06-16,2026-06-18,32,19,65,35,151,2,29,14,48.28,2
199,45,Male,Pediatrics,Planned,2026-04-03,2026-04-16,33,82,109,51,275,13,50,16,32.0,2
200,82,Male,Gynecology,Planned,2026-01-30,2026-02-13,44,83,111,58,296,14,20,15,75.0,4
201,20,Female,Gynecology,Planned,2026-03-29,2026-04-06,30,49,70,5,154,8,29,16,55.17,3
202,70,Male,General Medicine,Emergency,2026-01-07,2026-01-19,13,14,70,13,110,12,50,20,40.0,5
203,64,Female,ENT,Emergency,2026-03-03,2026-03-07,28,34,109,8,179,4,28,11,39.29,4
204,55,Female,Neurology,Planned,2026-01-23,2026-01-28,44,87,27,27,185,5,26,15,57.69,5
205,45,Female,General Medicine,OPD,2026-03-09,2026-03-15,8,68,46,55,177,6,24,12,50.0,3
206,11,Male,General Medicine,Planned,2026-04-17,2026-04-20,28,36,17,32,113,3,42,12,28.57,2
207,78,Male,Gynecology,Emergency,2026-05-26,2026-05-29,37,39,109,41,226,3,51,24,47.06,1
208,59,Female,Gynecology,OPD,2026-06-28,2026-06-29,32,69,70,45,216,1,40,13,32.5,3
209,22,Male,ENT,Planned,2026-04-21,2026-04-24,10,31,99,57,197,3,39,23,58.97,2
210,10,Female,Neurology,Planned,2026-04-02,2026-04-03,32,66,105,50,253,1,37,8,21.62,2
211,51,Male,Neurology,Emergency,2026-01-02,2026-01-15,9,47,64,19,139,13,33,33,100.0,5
212,6,Male,Neurology,OPD,2026-01-04,2026-01-17,34,80,118,38,270,13,27,21,77.78,2
213,15,Female,Orthopedics,Emergency,2026-06-21,2026-06-24,5,65,74,44,188,3,39,27,69.23,1
214,41,Female,Pediatrics,Planned,2026-03-30,2026-04-01,10,75,86,50,221,2,22,22,100.0,3
215,62,Female,Dermatology,Planned,2026-01-02,2026-01-09,5,48,32,35,120,7,23,19,82.61,3
216,78,Female,Cardiology,OPD,2026-03-20,2026-04-01,5,86,64,58,213,12,58,57,98.28,4
217,27,Male,Orthopedics,Emergency,2026-05-11,2026-05-23,6,52,21,28,107,12,22,18,81.82,3
218,27,Male,Neurology,OPD,2026-05-08,2026-05-16,39,44,113,18,214,8,59,51,86.44,1
219,63,Female,Orthopedics,Planned,2026-05-25,2026-06-04,36,87,114,28,265,10,53,39,73.58,3
220,2,Female,ENT,Emergency,2026-01-10,2026-01-20,11,10,56,45,122,10,27,21,77.78,3
221,43,Male,ENT,Emergency,2026-01-01,2026-01-16,38,47,22,36,143,15,45,34,75.56,2
222,81,Female,Orthopedics,Planned,2026-02-19,2026-03-06,11,45,92,55,203,15,57,11,19.3,1
223,5,Male,General Medicine,Planned,2026-03-25,2026-04-01,21,36,112,54,223,7,55,30,54.55,2
224,41,Male,ENT,OPD,2026-06-19,2026-07-02,25,15,102,5,147,13,29,12,41.38,3
225,12,Male,Cardiology,Planned,2026-03-26,2026-03-31,20,69,85,34,208,5,40,6,15.0,3
226,82,Female,Cardiology,Planned,2026-05-30,2026-06-11,19,14,19,21,73,12,24,8,33.33,1
227,57,Male,Gynecology,Emergency,2026-05-13,2026-05-25,18,20,19,46,103,12,33,28,84.85,3
228,58,Female,ENT,Planned,2026-02-06,2026-02-18,18,21,110,20,169,12,48,11,22.92,3
229,1,Male,Orthopedics,Planned,2026-03-31,2026-04-14,11,65,24,19,119,14,50,44,88.0,1
230,31,Female,Pediatrics,OPD,2026-04-22,2026-04-29,8,77,63,49,197,7,51,28,54.9,2
231,16,Male,ENT,Emergency,2026-01-18,2026-02-02,34,89,111,54,288,15,42,25,59.52,1
232,73,Male,ENT,OPD,2026-02-03,2026-02-17,13,54,99,30,196,14,49,22,44.9,2
233,7,Male,Dermatology,Emergency,2026-02-07,2026-02-15,11,56,17,8,92,8,45,43,95.56,5
234,83,Female,Neurology,Planned,2026-01-17,2026-01-19,17,28,50,25,120,2,23,16,69.57,1
235,84,Male,Cardiology,Planned,2026-04-07,2026-04-08,23,80,22,7,132,1,51,35,68.63,4
236,49,Female,ENT,OPD,2026-04-29,2026-05-03,44,46,113,30,233,4,57,16,28.07,1
237,16,Female,Cardiology,OPD,2026-01-14,2026-01-29,40,33,115,54,242,15,45,37,82.22,2
238,54,Female,Gynecology,Planned,2026-05-27,2026-06-02,12,33,48,40,133,6,20,17,85.0,4
239,48,Male,ENT,Planned,2026-05-11,2026-05-26,28,54,111,10,203,15,52,37,71.15,3
240,35,Female,Gynecology,OPD,2026-06-15,2026-06-25,16,79,116,50,261,10,36,29,80.56,4
241,67,Male,Neurology,Planned,2026-06-05,2026-06-09,18,56,60,36,170,4,31,7,22.58,3
242,47,Male,Gynecology,OPD,2026-06-26,2026-07-09,33,63,85,26,207,13,32,32,100.0,4
243,44,Male,Dermatology,OPD,2026-02-12,2026-02-21,43,56,107,54,260,9,30,17,56.67,3
244,38,Female,General Medicine,Planned,2026-05-08,2026-05-19,8,76,58,18,160,11,34,20,58.82,1
245,30,Male,Pediatrics,OPD,2026-02-05,2026-02-08,12,43,81,18,154,3,36,27,75.0,5
246,75,Male,Cardiology,Planned,2026-05-31,2026-06-06,6,16,108,32,162,6,37,32,86.49,5
247,59,Female,Orthopedics,OPD,2026-02-03,2026-02-18,31,31,15,19,96,15,25,7,28.0,3
248,26,Female,Dermatology,Planned,2026-06-21,2026-06-28,40,26,116,55,237,7,30,21,70.0,5
249,32,Female,Orthopedics,OPD,2026-04-14,2026-04-24,27,71,30,40,168,10,52,6,11.54,2
250,57,Male,Gynecology,OPD,2026-04-02,2026-04-09,19,41,32,24,116,7,44,18,40.91,4
251,15,Male,ENT,Planned,2026-01-14,2026-01-19,9,10,112,8,139,5,35,13,37.14,5
252,23,Male,Neurology,OPD,2026-06-23,2026-06-24,26,21,31,14,92,1,49,41,83.67,4
253,30,Male,General Medicine,OPD,2026-03-07,2026-03-13,20,66,55,21,162,6,29,17,58.62,1
254,1,Female,Neurology,Emergency,2026-01-12,2026-01-16,30,36,101,17,184,4,59,22,37.29,2
255,82,Male,Pediatrics,Emergency,2026-01-13,2026-01-20,7,49,94,48,198,7,58,47,81.03,4
256,33,Female,Pediatrics,Emergency,2026-05-03,2026-05-18,29,79,100,51,259,15,50,40,80.0,1
257,85,Female,ENT,Planned,2026-02-24,2026-03-04,19,27,68,39,153,8,26,18,69.23,4
258,46,Female,Orthopedics,Emergency,2026-04-18,2026-04-21,14,69,34,20,137,3,43,20,46.51,2
259,75,Female,Dermatology,OPD,2026-02-26,2026-03-13,29,26,110,7,172,15,44,25,56.82,1
260,29,Male,Gynecology,Planned,2026-05-01,2026-05-10,33,68,92,10,203,9,55,23,41.82,1
261,45,Male,Dermatology,Emergency,2026-03-11,2026-03-15,43,46,82,37,208,4,60,23,38.33,3
262,82,Female,Gynecology,Emergency,2026-05-25,2026-05-27,41,73,55,13,182,2,28,21,75.0,2
263,82,Female,Neurology,Emergency,2026-05-02,2026-05-16,38,23,53,49,163,14,30,29,96.67,1
264,31,Male,Gynecology,Planned,2026-03-02,2026-03-03,36,23,26,14,99,1,55,16,29.09,1
265,33,Female,Gynecology,OPD,2026-06-17,2026-06-21,43,76,110,20,249,4,57,25,43.86,1
266,53,Female,ENT,OPD,2026-06-29,2026-07-04,20,20,24,31,95,5,49,21,42.86,2
267,49,Female,General Medicine,OPD,2026-01-24,2026-01-30,31,27,75,53,186,6,56,20,35.71,3
268,47,Female,ENT,Planned,2026-02-24,2026-02-26,34,24,60,40,158,2,20,20,100.0,2
269,4,Female,Cardiology,Emergency,2026-04-13,2026-04-25,26,89,95,39,249,12,44,17,38.64,5
270,69,Female,Gynecology,Emergency,2026-06-08,2026-06-13,42,49,58,44,193,5,51,7,13.73,4
271,3,Female,Gynecology,Planned,2026-05-30,2026-06-08,10,36,22,25,93,9,23,18,78.26,5
272,69,Male,ENT,Planned,2026-01-20,2026-01-28,36,89,22,10,157,8,41,19,46.34,2
273,34,Male,ENT,OPD,2026-02-11,2026-02-26,13,83,57,10,163,15,36,7,19.44,4
274,36,Female,ENT,Emergency,2026-05-24,2026-06-03,41,37,103,34,215,10,40,19,47.5,1
275,37,Male,Gynecology,OPD,2026-06-27,2026-07-11,33,71,60,37,201,14,47,10,21.28,1
276,14,Male,Cardiology,OPD,2026-04-09,2026-04-17,32,13,75,9,129,8,36,24,66.67,5
277,13,Male,Gynecology,Planned,2026-06-22,2026-07-02,15,79,56,58,208,10,21,8,38.1,2
278,85,Female,General Medicine,OPD,2026-03-26,2026-03-29,45,58,63,50,216,3,33,31,93.94,1
279,58,Female,General Medicine,Planned,2026-02-08,2026-02-13,12,66,76,40,194,5,57,28,49.12,5
280,17,Male,Gynecology,Emergency,2026-06-17,2026-06-18,10,30,93,55,188,1,37,12,32.43,5
281,1,Male,Neurology,Emergency,2026-01-24,2026-02-02,26,64,56,42,188,9,24,18,75.0,1
282,59,Male,General Medicine,Planned,2026-06-21,2026-06-30,7,12,79,57,155,9,58,7,12.07,1
283,16,Male,Orthopedics,OPD,2026-05-12,2026-05-17,13,27,54,29,123,5,58,47,81.03,3
284,50,Male,Gynecology,Planned,2026-04-23,2026-05-08,25,52,40,45,162,15,29,25,86.21,5
285,49,Female,Orthopedics,Planned,2026-06-25,2026-07-08,37,22,113,31,203,13,40,12,30.0,1
286,33,Female,Orthopedics,Planned,2026-05-01,2026-05-10,29,84,89,14,216,9,41,6,14.63,5
287,76,Male,Orthopedics,OPD,2026-05-06,2026-05-19,23,51,19,36,129,13,47,9,19.15,3
288,57,Male,ENT,OPD,2026-05-29,2026-06-11,25,21,39,25,110,13,55,5,9.09,1
289,9,Female,General Medicine,OPD,2026-06-01,2026-06-02,25,52,50,21,148,1,40,17,42.5,2
290,6,Male,General Medicine,Emergency,2026-02-25,2026-03-06,33,48,95,54,230,9,45,27,60.0,5
291,31,Female,Orthopedics,OPD,2026-01-29,2026-02-11,28,45,58,29,160,13,24,10,41.67,5
292,62,Female,Orthopedics,Emergency,2026-06-15,2026-06-23,5,13,105,27,150,8,32,29,90.62,5
293,54,Female,General Medicine,OPD,2026-04-08,2026-04-15,10,23,28,25,86,7,56,27,48.21,2
294,3,Female,Neurology,OPD,2026-01-04,2026-01-14,9,25,97,47,178,10,47,13,27.66,2
295,76,Female,Dermatology,Emergency,2026-01-09,2026-01-24,21,71,40,27,159,15,32,13,40.62,1
296,42,Male,Pediatrics,Planned,2026-02-19,2026-03-03,33,62,50,34,179,12,40,14,35.0,1
297,5,Male,Dermatology,Planned,2026-04-03,2026-04-07,10,51,84,49,194,4,45,22,48.89,5
298,31,Female,Gynecology,OPD,2026-02-01,2026-02-08,26,48,73,59,206,7,40,17,42.5,2
299,81,Male,Orthopedics,OPD,2026-04-28,2026-05-06,11,81,57,34,183,8,28,6,21.43,2
300,69,Male,Cardiology,Emergency,2026-06-06,2026-06-12,13,36,89,23,161,6,43,39,90.7,3
301,79,Female,Cardiology,Emergency,2026-03-14,2026-03-15,24,22,63,15,124,1,59,39,66.1,5
302,53,Male,Neurology,OPD,2026-04-22,2026-05-03,21,10,47,41,119,11,33,19,57.58,4
303,71,Male,General Medicine,Planned,2026-03-23,2026-03-26,42,49,100,29,220,3,39,12,30.77,4
304,8,Female,Cardiology,OPD,2026-03-04,2026-03-09,27,47,119,52,245,5,49,7,14.29,2
305,37,Male,Dermatology,Planned,2026-02-12,2026-02-23,36,54,84,30,204,11,54,5,9.26,5
306,60,Male,General Medicine,Emergency,2026-04-07,2026-04-11,27,31,109,41,208,4,34,33,97.06,2
307,49,Male,Cardiology,Planned,2026-05-18,2026-05-22,11,65,69,5,150,4,43,26,60.47,3
308,30,Male,Neurology,OPD,2026-04-03,2026-04-07,36,72,28,33,169,4,52,16,30.77,1
309,65,Male,ENT,OPD,2026-03-11,2026-03-15,26,51,27,44,148,4,20,16,80.0,4
310,63,Male,Cardiology,Planned,2026-03-12,2026-03-20,31,60,28,8,127,8,23,11,47.83,5
311,77,Female,Pediatrics,OPD,2026-03-31,2026-04-09,26,31,25,50,132,9,55,48,87.27,2
312,73,Male,Orthopedics,Emergency,2026-04-13,2026-04-24,42,46,32,8,128,11,49,32,65.31,4
313,17,Male,ENT,Emergency,2026-03-25,2026-04-04,23,85,10,60,178,10,53,20,37.74,3
314,53,Female,ENT,OPD,2026-04-13,2026-04-28,24,88,97,57,266,15,22,15,68.18,4
315,27,Male,Orthopedics,OPD,2026-01-17,2026-01-26,28,80,64,28,200,9,51,9,17.65,3
316,11,Female,Dermatology,OPD,2026-05-10,2026-05-11,15,90,70,56,231,1,51,35,68.63,5
317,49,Male,Cardiology,Planned,2026-06-07,2026-06-22,16,73,70,52,211,15,41,39,95.12,5
318,8,Female,General Medicine,Planned,2026-03-13,2026-03-19,18,30,59,21,128,6,47,28,59.57,4
319,6,Male,Cardiology,Emergency,2026-01-28,2026-02-11,15,46,64,30,155,14,23,19,82.61,4
320,17,Male,Gynecology,Emergency,2026-04-09,2026-04-14,17,16,94,59,186,5,33,15,45.45,1
321,39,Female,Orthopedics,OPD,2026-03-05,2026-03-15,35,16,34,21,106,10,48,43,89.58,2
322,42,Male,Gynecology,Emergency,2026-04-18,2026-04-26,38,58,94,40,230,8,24,8,33.33,4
323,52,Male,Neurology,OPD,2026-02-15,2026-02-26,27,15,10,17,69,11,30,13,43.33,3
324,21,Male,Orthopedics,Planned,2026-03-23,2026-04-04,31,81,73,9,194,12,26,7,26.92,1
325,26,Female,Pediatrics,Emergency,2026-06-04,2026-06-16,22,50,48,55,175,12,38,31,81.58,1
326,49,Male,Neurology,OPD,2026-04-11,2026-04-21,38,82,48,42,210,10,26,24,92.31,2
327,61,Female,Pediatrics,Planned,2026-03-17,2026-03-22,25,80,51,22,178,5,38,22,57.89,2
328,29,Female,Neurology,Planned,2026-01-15,2026-01-19,18,36,39,43,136,4,47,34,72.34,4
329,76,Male,Orthopedics,Planned,2026-01-11,2026-01-26,8,71,29,37,145,15,31,20,64.52,2
330,75,Male,Dermatology,Emergency,2026-03-24,2026-03-30,25,90,35,21,171,6,44,19,43.18,3
331,59,Male,Neurology,Planned,2026-05-28,2026-06-06,22,88,28,51,189,9,54,28,51.85,2
332,13,Male,Orthopedics,OPD,2026-03-27,2026-04-09,22,42,75,46,185,13,50,50,100.0,4
333,27,Female,Pediatrics,OPD,2026-03-28,2026-04-05,33,84,46,37,200,8,24,14,58.33,4
334,24,Male,Pediatrics,Planned,2026-04-26,2026-05-07,8,12,40,51,111,11,22,22,100.0,4
335,44,Female,Pediatrics,Planned,2026-03-16,2026-03-21,20,34,104,25,183,5,46,7,15.22,4
336,63,Female,ENT,Emergency,2026-02-05,2026-02-14,40,35,93,40,208,9,43,25,58.14,2
337,51,Male,Dermatology,Planned,2026-02-21,2026-02-28,32,49,94,8,183,7,33,22,66.67,5
338,74,Female,Pediatrics,Emergency,2026-02-17,2026-02-19,26,19,65,49,159,2,22,5,22.73,5
339,18,Female,Gynecology,Planned,2026-05-23,2026-06-06,13,42,116,19,190,14,40,34,85.0,2
340,30,Female,ENT,Planned,2026-01-21,2026-02-04,9,77,75,13,174,14,23,6,26.09,5
341,41,Male,ENT,OPD,2026-02-01,2026-02-03,22,67,90,51,230,2,53,33,62.26,2
342,62,Male,ENT,Emergency,2026-06-23,2026-07-03,22,48,84,5,159,10,31,29,93.55,1
343,46,Female,Cardiology,Planned,2026-06-05,2026-06-15,18,45,22,46,131,10,20,18,90.0,4
344,18,Male,General Medicine,Emergency,2026-06-27,2026-07-08,38,81,34,17,170,11,28,12,42.86,3
345,13,Female,ENT,Planned,2026-05-17,2026-05-29,26,79,60,30,195,12,41,29,70.73,1
346,68,Male,Neurology,Emergency,2026-03-29,2026-04-12,34,11,40,56,141,14,50,9,18.0,1
347,83,Female,Neurology,Planned,2026-02-10,2026-02-11,44,79,96,35,254,1,60,28,46.67,5
348,62,Female,Gynecology,Emergency,2026-04-09,2026-04-20,29,82,38,48,197,11,57,36,63.16,2
349,82,Female,Cardiology,OPD,2026-01-09,2026-01-20,33,25,76,26,160,11,53,43,81.13,4
350,61,Male,Gynecology,Emergency,2026-01-07,2026-01-21,43,68,84,29,224,14,46,45,97.83,5
351,28,Female,Neurology,Planned,2026-05-23,2026-05-30,41,22,63,7,133,7,28,24,85.71,3
352,81,Male,Cardiology,Planned,2026-01-03,2026-01-15,26,42,48,20,136,12,20,16,80.0,5
353,81,Female,Orthopedics,Planned,2026-01-22,2026-01-31,45,26,50,16,137,9,37,28,75.68,2
354,44,Female,Orthopedics,Planned,2026-01-18,2026-02-01,33,87,49,54,223,14,53,52,98.11,3
355,84,Female,Pediatrics,Emergency,2026-03-21,2026-03-23,28,37,89,19,173,2,31,9,29.03,2
356,64,Female,Neurology,Planned,2026-01-01,2026-01-13,30,19,75,28,152,12,55,17,30.91,1
357,52,Male,General Medicine,Planned,2026-03-22,2026-03-26,35,65,11,27,138,4,48,46,95.83,1
358,59,Female,Orthopedics,OPD,2026-04-07,2026-04-14,41,32,85,56,214,7,40,28,70.0,3
359,7,Female,Dermatology,OPD,2026-04-26,2026-05-05,41,62,95,15,213,9,20,11,55.0,5
360,85,Male,Dermatology,OPD,2026-01-17,2026-01-23,19,46,29,31,125,6,23,17,73.91,3
361,22,Male,Neurology,Planned,2026-06-29,2026-07-08,21,86,22,47,176,9,22,16,72.73,1
362,55,Male,Orthopedics,Planned,2026-03-04,2026-03-05,26,55,92,28,201,1,37,14,37.84,5
363,76,Male,Neurology,OPD,2026-02-10,2026-02-12,21,35,101,40,197,2,45,8,17.78,5
364,40,Female,Orthopedics,OPD,2026-06-02,2026-06-12,21,80,51,36,188,10,33,21,63.64,5
365,22,Female,Orthopedics,OPD,2026-03-15,2026-03-22,45,75,33,54,207,7,48,36,75.0,5
366,5,Male,General Medicine,Planned,2026-06-30,2026-07-10,43,13,73,60,189,10,54,40,74.07,3
367,28,Female,Gynecology,Emergency,2026-06-05,2026-06-19,45,76,110,12,243,14,21,10,47.62,3
368,53,Female,Cardiology,Planned,2026-05-07,2026-05-14,23,42,26,57,148,7,51,22,43.14,3
369,74,Female,Cardiology,Emergency,2026-05-08,2026-05-19,6,43,64,50,163,11,36,7,19.44,2
370,32,Male,Orthopedics,Emergency,2026-03-31,2026-04-02,9,64,83,32,188,2,59,52,88.14,2
371,54,Female,Cardiology,OPD,2026-06-19,2026-07-04,10,48,58,13,129,15,56,39,69.64,4
372,68,Male,Gynecology,OPD,2026-05-13,2026-05-20,22,80,110,54,266,7,22,21,95.45,3
373,73,Male,Neurology,Planned,2026-05-25,2026-06-08,39,74,72,45,230,14,45,23,51.11,4
374,53,Male,Pediatrics,OPD,2026-02-11,2026-02-13,14,51,109,49,223,2,40,29,72.5,2
375,1,Female,Cardiology,Emergency,2026-03-19,2026-03-25,28,89,85,56,258,6,55,6,10.91,3
376,57,Male,Orthopedics,OPD,2026-03-25,2026-03-27,34,79,46,17,176,2,39,6,15.38,3
377,67,Male,General Medicine,OPD,2026-03-02,2026-03-10,37,60,57,9,163,8,46,43,93.48,5
378,33,Male,Pediatrics,Planned,2026-03-11,2026-03-12,40,77,11,23,151,1,49,9,18.37,3
379,59,Female,Orthopedics,Emergency,2026-04-29,2026-05-04,14,16,109,21,160,5,27,14,51.85,2
380,33,Male,Dermatology,Planned,2026-06-21,2026-06-26,42,74,104,23,243,5,20,8,40.0,4
381,12,Male,Orthopedics,OPD,2026-06-06,2026-06-08,23,43,119,21,206,2,37,36,97.3,1
382,53,Female,Cardiology,Planned,2026-02-09,2026-02-11,34,68,33,10,145,2,25,17,68.0,1
383,63,Female,Gynecology,Planned,2026-06-01,2026-06-11,27,26,29,44,126,10,25,18,72.0,4
384,14,Male,Dermatology,OPD,2026-06-30,2026-07-14,41,61,56,16,174,14,31,18,58.06,3
385,27,Female,General Medicine,Planned,2026-01-18,2026-01-20,24,45,75,29,173,2,27,24,88.89,1
386,5,Male,Gynecology,Planned,2026-06-30,2026-07-01,5,62,83,43,193,1,41,35,85.37,1
387,61,Male,Pediatrics,OPD,2026-03-20,2026-03-25,7,11,54,42,114,5,57,14,24.56,5
388,80,Female,Cardiology,Planned,2026-05-18,2026-05-27,15,36,93,11,155,9,44,37,84.09,1
389,29,Male,Pediatrics,Emergency,2026-01-22,2026-01-26,43,59,22,38,162,4,23,11,47.83,5
390,52,Female,General Medicine,Planned,2026-06-29,2026-07-03,10,38,80,42,170,4,35,25,71.43,2
391,38,Female,ENT,OPD,2026-04-26,2026-05-05,16,82,16,41,155,9,29,11,37.93,1
392,56,Female,General Medicine,Planned,2026-03-10,2026-03-13,17,56,107,39,219,3,44,26,59.09,2
393,22,Male,Neurology,OPD,2026-04-11,2026-04-18,37,67,63,52,219,7,45,44,97.78,4
394,34,Female,Gynecology,OPD,2026-05-05,2026-05-06,41,25,11,36,113,1,34,13,38.24,1
395,29,Female,Pediatrics,Planned,2026-02-03,2026-02-09,35,69,40,42,186,6,49,25,51.02,5
396,69,Female,Orthopedics,OPD,2026-06-30,2026-07-09,27,64,48,18,157,9,31,5,16.13,5
397,14,Female,Neurology,OPD,2026-05-28,2026-06-11,33,34,26,48,141,14,60,34,56.67,5
398,5,Male,Pediatrics,Planned,2026-05-04,2026-05-17,7,23,87,51,168,13,49,12,24.49,1
399,56,Female,Orthopedics,Emergency,2026-06-21,2026-07-02,11,39,116,58,224,11,41,10,24.39,4
400,66,Female,Neurology,Planned,2026-06-29,2026-07-01,43,62,111,51,267,2,52,34,65.38,1
401,55,Male,ENT,Planned,2026-05-28,2026-06-01,12,62,67,46,187,4,57,47,82.46,3
402,60,Male,Gynecology,Planned,2026-05-05,2026-05-08,28,25,113,43,209,3,24,22,91.67,3
403,80,Male,Orthopedics,OPD,2026-02-08,2026-02-18,38,61,55,34,188,10,22,21,95.45,4
404,19,Male,Pediatrics,Planned,2026-04-05,2026-04-15,17,16,103,10,146,10,45,24,53.33,5
405,36,Male,Cardiology,Emergency,2026-06-12,2026-06-17,22,10,106,20,158,5,55,45,81.82,2
406,36,Male,Gynecology,Planned,2026-04-28,2026-04-30,29,68,58,15,170,2,22,14,63.64,4
407,47,Male,Dermatology,Planned,2026-06-17,2026-07-02,10,37,14,31,92,15,43,8,18.6,4
408,62,Male,Neurology,Planned,2026-03-03,2026-03-07,30,58,53,33,174,4,48,20,41.67,5
409,42,Female,ENT,Emergency,2026-05-07,2026-05-21,36,72,114,21,243,14,24,8,33.33,4
410,72,Male,Pediatrics,Planned,2026-06-03,2026-06-13,26,26,81,29,162,10,37,27,72.97,3
411,21,Male,ENT,OPD,2026-03-13,2026-03-21,40,38,22,15,115,8,27,15,55.56,4
412,57,Female,ENT,OPD,2026-02-02,2026-02-10,45,42,18,39,144,8,42,7,16.67,5
413,82,Female,Neurology,OPD,2026-04-16,2026-04-18,39,75,66,55,235,2,43,18,41.86,5
414,78,Male,Orthopedics,Planned,2026-01-25,2026-02-07,28,27,79,11,145,13,25,25,100.0,4
415,39,Male,Pediatrics,OPD,2026-06-27,2026-07-03,33,26,27,5,91,6,29,5,17.24,4
416,10,Female,General Medicine,Emergency,2026-01-22,2026-01-25,10,82,76,56,224,3,32,8,25.0,1
417,25,Female,Orthopedics,OPD,2026-03-03,2026-03-04,23,52,21,45,141,1,30,23,76.67,5
418,35,Male,Pediatrics,Planned,2026-01-18,2026-02-01,33,28,106,31,198,14,38,17,44.74,3
419,40,Male,ENT,Emergency,2026-04-21,2026-04-28,29,31,108,37,205,7,42,16,38.1,2
420,84,Female,General Medicine,Emergency,2026-02-24,2026-02-26,15,55,93,51,214,2,33,9,27.27,4
421,77,Female,Pediatrics,Planned,2026-05-16,2026-05-23,24,26,74,39,163,7,45,15,33.33,1
422,18,Female,Gynecology,Emergency,2026-03-03,2026-03-14,20,51,59,54,184,11,50,42,84.0,2
423,59,Male,General Medicine,OPD,2026-04-13,2026-04-14,18,15,53,31,117,1,37,7,18.92,5
424,35,Female,General Medicine,OPD,2026-04-17,2026-04-19,17,17,14,18,66,2,46,30,65.22,1
425,42,Female,Orthopedics,OPD,2026-01-28,2026-02-02,34,70,29,47,180,5,36,17,47.22,3
426,7,Female,Gynecology,OPD,2026-02-08,2026-02-16,42,82,94,45,263,8,60,53,88.33,2
427,28,Male,Dermatology,Planned,2026-05-11,2026-05-20,29,77,47,46,199,9,32,6,18.75,4
428,1,Female,Pediatrics,Emergency,2026-04-18,2026-05-03,34,42,103,20,199,15,26,7,26.92,5
429,74,Female,Gynecology,Emergency,2026-05-03,2026-05-06,37,57,40,20,154,3,56,16,28.57,5
430,12,Male,Orthopedics,Emergency,2026-05-10,2026-05-15,14,18,81,60,173,5,31,31,100.0,2
431,48,Male,ENT,OPD,2026-01-03,2026-01-17,22,76,56,8,162,14,56,26,46.43,3
432,76,Male,Gynecology,Emergency,2026-05-26,2026-05-27,37,77,96,30,240,1,41,34,82.93,1
433,59,Male,Neurology,Emergency,2026-06-07,2026-06-18,36,35,23,54,148,11,54,45,83.33,5
434,8,Male,Neurology,Planned,2026-05-03,2026-05-18,13,80,37,40,170,15,26,14,53.85,5
435,27,Male,Orthopedics,Planned,2026-04-06,2026-04-13,41,12,94,60,207,7,32,26,81.25,1
436,5,Female,Cardiology,Emergency,2026-04-28,2026-05-13,27,37,81,12,157,15,55,51,92.73,1
437,46,Female,General Medicine,Emergency,2026-05-01,2026-05-04,18,48,118,36,220,3,22,19,86.36,5
438,6,Female,Cardiology,Planned,2026-01-24,2026-01-28,12,71,31,56,170,4,35,34,97.14,3
439,3,Male,Orthopedics,OPD,2026-01-02,2026-01-11,24,40,115,49,228,9,21,18,85.71,2
440,40,Female,General Medicine,Planned,2026-06-04,2026-06-10,45,86,105,46,282,6,20,20,100.0,5
441,62,Male,Orthopedics,Emergency,2026-05-11,2026-05-15,39,70,69,59,237,4,48,20,41.67,5
442,5,Female,Gynecology,OPD,2026-06-11,2026-06-24,27,25,117,44,213,13,35,26,74.29,2
443,7,Female,Dermatology,OPD,2026-05-10,2026-05-16,5,41,54,16,116,6,32,28,87.5,3
444,71,Male,Pediatrics,Planned,2026-03-20,2026-03-29,19,30,68,60,177,9,34,33,97.06,1
445,26,Male,Cardiology,OPD,2026-01-05,2026-01-07,11,76,119,46,252,2,46,8,17.39,5
446,13,Male,Orthopedics,Planned,2026-03-16,2026-03-21,26,26,114,52,218,5,57,11,19.3,4
447,33,Male,Cardiology,Emergency,2026-01-12,2026-01-23,17,55,89,20,181,11,53,46,86.79,4
448,27,Female,ENT,OPD,2026-05-12,2026-05-23,37,44,42,23,146,11,35,11,31.43,2
449,61,Male,Neurology,Emergency,2026-04-26,2026-04-28,33,29,86,36,184,2,38,30,78.95,2
450,17,Male,Cardiology,OPD,2026-06-08,2026-06-23,23,32,32,60,147,15,42,30,71.43,3
451,32,Female,Orthopedics,Planned,2026-03-24,2026-04-04,22,86,66,41,215,11,48,21,43.75,2
452,30,Male,ENT,OPD,2026-04-13,2026-04-18,7,69,40,43,159,5,54,10,18.52,1
453,33,Male,Neurology,Emergency,2026-01-18,2026-01-31,37,21,37,28,123,13,60,42,70.0,1
454,51,Female,Cardiology,OPD,2026-06-03,2026-06-15,14,32,85,36,167,12,21,12,57.14,3
455,4,Male,Gynecology,OPD,2026-02-15,2026-03-02,19,44,103,55,221,15,60,13,21.67,2
456,39,Female,General Medicine,Planned,2026-03-02,2026-03-04,16,14,37,32,99,2,34,23,67.65,5
457,11,Male,Pediatrics,Emergency,2026-03-13,2026-03-24,19,57,70,38,184,11,51,50,98.04,3
458,62,Male,General Medicine,Planned,2026-02-16,2026-02-18,29,15,13,11,68,2,28,27,96.43,3
459,31,Male,Orthopedics,Planned,2026-03-29,2026-04-09,42,16,35,23,116,11,42,33,78.57,1
460,23,Female,Neurology,OPD,2026-05-10,2026-05-14,30,15,29,59,133,4,39,17,43.59,4
461,20,Male,General Medicine,Planned,2026-04-06,2026-04-19,38,29,102,17,186,13,38,37,97.37,4
462,60,Female,Orthopedics,Emergency,2026-02-03,2026-02-13,5,83,54,40,182,10,49,41,83.67,2
463,19,Male,Neurology,Planned,2026-04-07,2026-04-18,41,31,71,9,152,11,36,33,91.67,4
464,58,Male,Cardiology,Emergency,2026-05-04,2026-05-08,10,30,18,32,90,4,49,20,40.82,5
465,18,Male,Dermatology,Planned,2026-05-12,2026-05-22,10,81,17,16,124,10,53,47,88.68,1
466,65,Female,Gynecology,OPD,2026-02-25,2026-03-12,13,70,103,59,245,15,43,42,97.67,3
467,18,Male,ENT,OPD,2026-06-09,2026-06-13,39,59,78,10,186,4,25,21,84.0,3
468,80,Male,Neurology,OPD,2026-05-14,2026-05-16,43,24,12,55,134,2,29,20,68.97,1
469,81,Male,Gynecology,Planned,2026-03-18,2026-03-29,32,67,30,35,164,11,38,19,50.0,5
470,15,Male,Neurology,Emergency,2026-03-30,2026-04-13,22,66,106,6,200,14,56,18,32.14,1
471,57,Male,ENT,Planned,2026-04-10,2026-04-17,41,86,59,22,208,7,51,13,25.49,5
472,48,Female,Neurology,Emergency,2026-02-22,2026-02-24,27,29,50,5,111,2,25,8,32.0,2
473,72,Male,General Medicine,Emergency,2026-03-30,2026-04-07,8,40,66,37,151,8,37,34,91.89,4
474,78,Female,Neurology,Emergency,2026-01-24,2026-02-05,43,45,53,25,166,12,47,16,34.04,1
475,58,Male,Pediatrics,OPD,2026-05-11,2026-05-26,9,88,61,45,203,15,50,14,28.0,1
476,67,Male,Gynecology,Planned,2026-04-20,2026-04-21,37,33,77,28,175,1,46,43,93.48,2
477,23,Male,Neurology,OPD,2026-03-25,2026-04-05,35,76,63,21,195,11,41,39,95.12,4
478,40,Male,Pediatrics,Emergency,2026-04-02,2026-04-08,32,13,66,18,129,6,29,14,48.28,4
479,73,Female,Orthopedics,Emergency,2026-04-14,2026-04-19,36,74,97,31,238,5,58,53,91.38,1
480,14,Male,Cardiology,Planned,2026-01-26,2026-02-06,11,46,74,26,157,11,57,48,84.21,4
481,79,Female,Cardiology,Planned,2026-04-01,2026-04-14,37,20,105,8,170,13,49,32,65.31,5
482,14,Male,Neurology,OPD,2026-02-20,2026-03-01,35,57,101,45,238,9,54,21,38.89,4
483,21,Female,Gynecology,Planned,2026-02-18,2026-02-24,27,49,20,45,141,6,46,27,58.7,4
484,32,Female,Dermatology,Emergency,2026-03-30,2026-04-02,34,57,52,40,183,3,28,19,67.86,4
485,72,Male,Pediatrics,Emergency,2026-01-31,2026-02-11,43,47,66,55,211,11,33,10,30.3,1
486,17,Female,Orthopedics,Emergency,2026-05-04,2026-05-18,42,68,40,5,155,14,46,26,56.52,3
487,81,Male,Cardiology,OPD,2026-05-18,2026-05-20,15,43,44,53,155,2,59,47,79.66,2
488,40,Female,Dermatology,OPD,2026-03-27,2026-03-29,41,33,13,58,145,2,35,12,34.29,5
489,56,Female,Cardiology,Planned,2026-02-25,2026-02-27,6,42,61,15,124,2,48,15,31.25,1
490,76,Male,ENT,OPD,2026-06-12,2026-06-23,43,24,63,21,151,11,56,25,44.64,3
491,12,Male,ENT,Planned,2026-03-12,2026-03-13,20,89,104,16,229,1,28,26,92.86,2
492,45,Female,Neurology,OPD,2026-01-14,2026-01-26,41,74,29,35,179,12,47,9,19.15,2
493,54,Male,General Medicine,Emergency,2026-03-16,2026-03-27,27,57,91,36,211,11,40,5,12.5,5
494,59,Female,ENT,Emergency,2026-04-19,2026-04-28,9,68,45,47,169,9,43,18,41.86,1
495,42,Female,Dermatology,Emergency,2026-06-03,2026-06-11,27,54,73,44,198,8,25,22,88.0,3
496,15,Female,General Medicine,Emergency,2026-04-24,2026-04-27,39,27,61,30,157,3,44,14,31.82,2
497,52,Female,Pediatrics,Planned,2026-04-01,2026-04-15,35,10,13,11,69,14,47,11,23.4,1
498,25,Female,Orthopedics,Emergency,2026-01-24,2026-02-08,44,62,17,40,163,15,51,20,39.22,2
499,79,Male,Gynecology,OPD,2026-06-13,2026-06-27,42,29,89,35,195,14,59,15,25.42,2
500,26,Female,Dermatology,Planned,2026-05-28,2026-05-29,30,69,10,58,167,1,44,35,79.55,3
